id,name,group1,group2,type,element_type,power_kW,operating_weight_kg,length_cm,width_cm,height_cm,max_speed_km_h,operating_speed_km_h,gradeability_degrees,ground_pressure_kPa,attachment_1,attachment_2,attachment_3,attachment_4,attachment_5,digging_depth_cm,reach_height_cm,reach_length_cm,turning_radius_cm,note,fuel_consumption_high_ml_h,fuel_consumption_medium_ml_h,fuel_consumption_low_ml_h,co2_high_ml_h,co2_medium_ml_h,co2_low_ml_h,noise_internal_dB,noise_external_dB,cost_standard_rate_czk_h,cost_overtime_rate_czk_h,usage_cost_czk,machine_price_czk,failure_probability_per_1000h,avg_repair_time_min,avg_repair_cost_czk,avg_service_life_years,min_working_area_m2,units_count,unit,work_output_unit_h,work_cycle_sec,manufacturer,machine_price_usd
49, 'Minirypadlo 0.9t 9.6kW', 1, 1, '300.9D', '1', 9.6, 935, 275, 73, 151, 1.8, 1.8, 30, 24.1, 0, 0, 0, 0, 0, 173, 286, 307, 115, '', 0, 0, 0, 0, 0, 0, 93, 93, 0, 0, 0, 0, 0, 0, 0, 0, 0, 0.027, 'm3', 0, 0, 'Caterpillar', 0
45, 'Kolový traktor 6.7t 68kW', 8, 28, '416F', '1', 68, 6750, 703, 232, 358, 40, 28, 0, 0, 3, 4, 0, 0, 0, 0, 0, 0, 1097, '', 0, 0, 0, 0, 0, 0, 80, 76, 0, 0, 0, 1548977, 0, 0, 0, 0, 0, 0.76, 'm3', 0, 0, 'Caterpillar', 80550
36, 'Pevný dempr 33t 355kW', 3, 18, '770', '2', 355, 33026, 902, 369, 391, 74.8, 52.3, 0, 0, 0, 0, 0, 0, 0, 0, 0, 0, 1810, '', 0, 0, 0, 0, 0, 0, 79, 84, 0, 0, 0, 11224936, 0, 0, 0, 0, 0, 25.1, 'm3', 0, 0, 'Caterpillar', 583720
5, 'Pásový dozer 8t 55kW', 5, 19, 'D3K XL LRC', '3', 55.2, 7795, 426, 190, 276, 10, 9, 0, 44.8, 0, 0, 0, 0, 0, 0, 0, 0, 0, '', 0, 0, 0, 0, 0, 0, 77, 78, 0, 0, 0, 1811658, 0, 0, 0, 0, 0, 2.64, 'm2', 1584, 6, 'Caterpillar', 94210
6, 'Pásový dozer 8t 60kW', 5, 19, 'D3K2 XL', '3', 59.7, 7958, 426, 190, 276, 10, 9, 0, 38.6, 0, 0, 0, 0, 0, 0, 0, 0, 0, '', 0, 0, 0, 0, 0, 0, 78, 79, 0, 0, 0, 1811658, 0, 0, 0, 0, 0, 2.64, 'm2', 1900, 5, 'Caterpillar', 94210
7, 'Pásový dozer 8.5t 69kW', 5, 19, 'D4K LGP', '3', 68.8, 8510, 426, 236, 276, 10, 9, 0, 29.2, 0, 0, 0, 0, 0, 0, 0, 0, 0, '', 0, 0, 0, 0, 0, 0, 78, 79, 0, 0, 0, 2367790, 0, 0, 0, 0, 0, 3.15, 'm2', 2835, 4, 'Caterpillar', 123130
8, 'Pásový dozer 9t 77kW', 5, 19, 'D5K2 XL', '3', 77.6, 9314, 432, 211, 276, 10, 9, 0, 38.6, 0, 0, 0, 0, 0, 0, 0, 0, 0, '', 0, 0, 0, 0, 0, 0, 78, 79, 0, 0, 0, 2700084, 0, 0, 0, 0, 0, 2.78, 'm2', 3336, 3, 'Caterpillar', 140410
9, 'Pásový dozer 13.6t 97kW', 5, 19, 'D6K2 LGP', '3', 97, 13673, 469, 276, 296, 10, 10, 0, 30.7, 0, 0, 0, 0, 0, 0, 0, 0, 0, '', 0, 0, 0, 0, 0, 0, 78, 79, 0, 0, 0, 3510244, 0, 0, 0, 0, 0, 3.68, 'm2', 4416, 3, 'Caterpillar', 182540
10, 'Pásový dozer 18t  111kW', 5, 20, 'D6N LGP', '3', 111.8, 17997, 537, 300, 320, 11.6, 10, 0, 0, 0, 0, 0, 0, 0, 0, 0, 0, 0, '', 0, 0, 0, 0, 0, 0, 0, 0, 0, 0, 0, 5576315, 0, 0, 0, 0, 0, 4.08, 'm2', 4896, 3, 'Caterpillar', 289980
11, 'Pásový dozer 26t 175kW', 5, 20, 'D7E STD', '3', 175, 25996, 586, 288, 332, 11, 10, 0, 0, 0, 0, 0, 0, 0, 0, 0, 0, 0, '', 0, 0, 0, 0, 0, 0, 77, 80, 0, 0, 0, 10959562, 0, 0, 0, 0, 0, 3.9, 'm2', 4980, 3, 'Caterpillar', 569920
12, 'Pásový dozer 50t 306kW', 5, 20, 'D9T', '3', 306, 50098, 609, 306, 346, 14.3, 11.7, 0, 0, 0, 0, 0, 0, 0, 0, 0, 0, 0, '', 0, 0, 0, 0, 0, 0, 0, 0, 0, 0, 0, 15498803, 0, 0, 0, 0, 0, 4.99, 'm2', 8820, 2, 'Caterpillar', 805970
13, 'Pásový dozer 38.5t 259kW', 5, 20, 'D8T', '3', 259, 38488, 691, 305, 267, 10, 10, 0, 0, 0, 0, 0, 0, 0, 0, 0, 0, 0, '', 0, 0, 0, 0, 0, 0, 0, 0, 0, 0, 0, 12969481, 0, 0, 0, 0, 0, 4.99, 'm2', 5988, 3, 'Caterpillar', 674440
14, 'Pásový dozer 66.5t 433kW', 5, 20, 'D10T', '3', 433, 66451, 916, 374, 326, 15.8, 12.7, 0, 0, 0, 0, 0, 0, 0, 0, 0, 0, 0, '', 0, 0, 0, 0, 0, 0, 80, 92, 0, 0, 0, 0, 0, 0, 0, 0, 0, 5.26, 'm2', 9468, 2, 'Caterpillar', 0
15, 'Pásový dozer 105t 634kW', 5, 20, 'D11T', '3', 634, 104600, 1059, 438, 364, 15, 13, 0, 0, 0, 0, 0, 0, 0, 0, 0, 0, 0, '', 0, 0, 0, 0, 0, 0, 79, 87, 0, 0, 0, 0, 0, 0, 0, 0, 0, 6.36, 'm2', 11448, 2, 'Caterpillar', 0
16, 'Grejdr 14.5t 103kW', 6, 40, '120M', '3', 103, 14466, 849, 253, 331, 45.7, 32, 0, 0, 0, 0, 0, 0, 0, 0, 0, 0, 734, '', 0, 0, 0, 0, 0, 0, 70, 0, 0, 0, 0, 5597853, 0, 0, 0, 0, 0, 3.67, 'm2', 13212, 1, 'Caterpillar', 291100
17, 'Grejdr 15t 118kW', 6, 40, '12M', '3', 118, 14998, 989, 253, 329, 45.7, 32, 0, 0, 0, 0, 0, 0, 0, 0, 0, 0, 740, '', 0, 0, 0, 0, 0, 0, 70, 0, 0, 0, 0, 6148600, 0, 0, 0, 0, 0, 3.7, 'm2', 14800, 0.9, 'Caterpillar', 319740
18, 'Grejdr 16t 136kW', 6, 40, '140M', '3', 136, 16197, 1014, 252, 329, 46.6, 32.6, 0, 0, 0, 0, 0, 0, 0, 0, 0, 0, 757, '', 0, 0, 0, 0, 0, 0, 70, 0, 0, 0, 0, 6409167, 0, 0, 0, 0, 0, 3.7, 'm2', 16650, 0.8, 'Caterpillar', 333290
19, 'Grejdr 16t 159kW', 6, 40, '160M', '3', 159, 15903, 10144, 252, 329, 47.4, 33.2, 0, 0, 0, 0, 0, 0, 0, 0, 0, 0, 760, '', 0, 0, 0, 0, 0, 0, 70, 0, 0, 0, 0, 6752480, 0, 0, 0, 0, 0, 4.3, 'm2', 20640, 0.75, 'Caterpillar', 351508
20, 'Grejdr 21t 193kW', 6, 41, '14M', '3', 193, 21226, 1089, 279, 354, 49.8, 34.9, 0, 0, 0, 0, 0, 0, 0, 0, 0, 0, 790, '', 0, 0, 0, 0, 0, 0, 70, 0, 0, 0, 0, 8130450, 0, 0, 0, 0, 0, 4.26, 'm2', 21908.6, 0.7, 'Caterpillar', 423240
21, 'Grejdr 27.5t 221kW', 6, 41, '16M', '3', 221, 27531, 1167, 309, 372, 51.7, 36.2, 0, 0, 0, 0, 0, 0, 0, 0, 0, 0, 890, '', 0, 0, 0, 0, 0, 0, 73, 0, 0, 0, 0, 8934124, 0, 0, 0, 0, 0, 4.9, 'm2', 27138.5, 0.65, 'Caterpillar', 465076
22, 'Grejdr 63t 397kW', 6, 42, '24M', '3', 397, 62726, 1610, 428, 445, 40.9, 28.6, 0, 0, 0, 0, 0, 0, 0, 0, 0, 0, 1240, '', 0, 0, 0, 0, 0, 0, 74, 0, 0, 0, 0, 12374698, 0, 0, 0, 0, 0, 7.3, 'm2', 52560, 0.5, 'Caterpillar', 644180
23, 'Kompaktor 21t 173kW', 5, 39, '815F', '3', 173, 20755, 685, 365, 335, 19.5, 17.6, 0, 0, 0, 0, 0, 0, 0, 0, 0, 0, 645, '', 0, 0, 0, 0, 0, 0, 78, 80, 0, 0, 0, 0, 0, 0, 0, 0, 0, 3.65, 'm2', 10950, 1.2, 'Caterpillar', 0
24, 'Kompaktor 32.7t 264kW', 5, 39, '825H', '3', 264, 32734, 844, 439, 375, 17.2, 15.6, 0, 0, 0, 0, 0, 0, 0, 0, 0, 0, 741, '', 0, 0, 0, 0, 0, 0, 78, 81, 0, 0, 0, 0, 0, 0, 0, 0, 0, 4.39, 'm2', 12200, 1.3, 'Caterpillar', 0
25, 'Kolový dozer 21.7t 173kW', 5, 21, '814F', '3', 173, 21713, 688, 359, 332, 34.9, 31, 0, 0, 0, 0, 0, 0, 0, 0, 0, 0, 0, '', 0, 0, 0, 0, 0, 0, 78, 80, 0, 0, 0, 0, 0, 0, 0, 0, 0, 3.59, 'm2', 21540, 0.6, 'Caterpillar', 0
26, 'Kolový dozer 29t 264kW', 5, 21, '824H', '3', 264, 28724, 822, 450, 370, 36.6, 32.1, 0, 0, 0, 0, 0, 0, 0, 0, 0, 0, 0, '', 0, 0, 0, 0, 0, 0, 78, 81, 0, 0, 0, 0, 0, 0, 0, 0, 0, 4.5, 'm2', 32400, 0.5, 'Caterpillar', 0
27, 'Kolový dozer 27t 372kW', 5, 21, '834H', '3', 372, 47106, 988, 507, 410, 38.5, 35.4, 0, 0, 0, 0, 0, 0, 0, 0, 0, 0, 0, '', 0, 0, 0, 0, 0, 0, 75, 81, 0, 0, 0, 0, 0, 0, 0, 0, 0, 5.07, 'm2', 36500, 0.5, 'Caterpillar', 0
28, 'Kolový dozer 71t 512kW', 5, 21, '844H', '3', 512, 70815, 1094, 541, 506, 22.5, 21, 0, 0, 0, 0, 0, 0, 0, 0, 0, 0, 0, '', 0, 0, 0, 0, 0, 0, 72, 82, 0, 0, 0, 0, 0, 0, 0, 0, 0, 5.42, 'm2', 39100, 0.5, 'Caterpillar', 0
29, 'Kolový dozer 98t 674kW', 5, 21, '854K', '3', 674, 98100, 134, 632, 559, 25.1, 23.5, 0, 0, 0, 0, 0, 0, 0, 0, 0, 0, 0, '', 0, 0, 0, 0, 0, 0, 73, 83, 0, 0, 0, 0, 0, 0, 0, 0, 0, 6.32, 'm2', 45500, 0.5, 'Caterpillar', 0
30, 'Kolový skrejpr 40t 304kW', 4, 46, '623H', '3', 304, 39937, 1377, 356, 404, 53.9, 37.7, 0, 0, 0, 0, 0, 0, 0, 0, 0, 0, 0, 'Radlice 3.163 m', 0, 0, 0, 0, 0, 0, 76, 80, 0, 0, 0, 8545812, 0, 0, 0, 0, 0, 17.6, 'm3', 1056, 60, 'Caterpillar', 444400
31, 'Kolový skrejpr 37t 304kW', 4, 46, '621H', '3', 304, 37440, 1557, 368, 403, 53.9, 37.8, 0, 0, 0, 0, 0, 0, 0, 0, 0, 0, 0, 'Radlice 3.68 m', 0, 0, 0, 0, 0, 0, 76, 80, 0, 0, 0, 7548160, 0, 0, 0, 0, 0, 18.4, 'm3', 1324.8, 50, 'Caterpillar', 392520
32, 'Kolový skrejpr 46.5t 373kW', 4, 46, '631G', '3', 373, 46475, 1456, 394, 429, 51.7, 35.4, 0, 0, 0, 0, 0, 0, 0, 0, 0, 0, 0, '', 0, 0, 0, 0, 0, 0, 80, 85, 0, 0, 0, 11225320, 0, 0, 0, 0, 0, 26, 'm3', 1560, 60, 'Caterpillar', 583740
33, 'Dvou-motorový kolový skrejpr 42t 304kW', 4, 47, '627H', '3', 304, 42168, 1556, 368, 403, 53.9, 37.7, 0, 0, 0, 0, 0, 0, 0, 0, 0, 0, 0, '', 0, 0, 0, 0, 0, 0, 76, 80, 0, 0, 0, 7921991, 0, 0, 0, 0, 0, 18.3, 'm3', 1647, 40, 'Caterpillar', 411960
34, 'Dvou-motorový kolový skrejpr 52t 584kW', 4, 47, '637G', '3', 584, 52047, 1456, 394, 429, 53.9, 37.7, 0, 0, 0, 0, 0, 0, 0, 0, 0, 0, 0, '', 0, 0, 0, 0, 0, 0, 80, 85, 0, 0, 0, 11773568, 0, 0, 0, 0, 0, 26, 'm3', 2340, 40, 'Caterpillar', 612250
35, 'Dvou-motorový kolový skrejpr 68.4t 784kW', 4, 47, '657G', '3', 784, 68384, 1616, 434, 471, 55.7, 39, 0, 0, 0, 0, 0, 0, 0, 0, 0, 0, 0, '', 0, 0, 0, 0, 0, 0, 80, 85, 0, 0, 0, 17027973, 0, 0, 0, 0, 0, 33.6, 'm3', 3024, 40, 'Caterpillar', 885490
37, 'Pevný dempr 35.7t 399kW', 3, 18, '772', '2', 399, 35676, 874, 393, 409, 79.7, 55.8, 0, 0, 0, 0, 0, 0, 0, 0, 0, 0, 1980, '', 0, 0, 0, 0, 0, 0, 79, 84, 0, 0, 0, 13121398, 0, 0, 0, 0, 0, 31.2, 'm3', 0, 0, 'Caterpillar', 682340
38, 'Pevný dempr 46t 534kW', 3, 18, '773G', '2', 534, 45945, 1007, 441, 411, 66.9, 46.8, 0, 0, 0, 0, 0, 0, 0, 0, 0, 0, 2610, '', 0, 0, 0, 0, 0, 0, 76, 86, 0, 0, 0, 15226122, 0, 0, 0, 0, 0, 35.75, 'm3', 0, 0, 'Caterpillar', 791790
39, 'Pevný dempr 51.6t 572kW', 3, 18, '775G', '2', 572, 51593, 1007, 441, 411, 66.9, 46.8, 0, 0, 0, 0, 0, 0, 0, 0, 0, 0, 2610, '', 0, 0, 0, 0, 0, 0, 76, 86, 0, 0, 0, 17486224, 0, 0, 0, 0, 0, 42.23, 'm3', 0, 0, 'Caterpillar', 909320
40, 'Pevný dempr 67t 704kW', 3, 18, '777G', '2', 704, 67164, 1053, 522, 520, 67.1, 47, 0, 0, 0, 0, 0, 0, 0, 0, 0, 0, 2840, '', 0, 0, 0, 0, 0, 0, 73, 83, 0, 0, 0, 0, 0, 0, 0, 0, 0, 60.2, 'm3', 0, 0, 'Caterpillar', 0
41, 'Kloubový dempr 22.2t 225kW', 3, 17, '725', '2', 225, 22260, 992, 295, 374, 57, 39.9, 0, 0, 0, 0, 0, 0, 0, 0, 0, 0, 760, '', 0, 0, 0, 0, 0, 0, 76, 0, 0, 0, 0, 7671809, 0, 0, 0, 0, 0, 14.3, 'm3', 14.3, 3600, 'Caterpillar', 398950
42, 'Kloubový dempr 22.8t 237kW', 3, 17, '730', '2', 237, 22850, 992, 295, 374, 55, 38.5, 0, 0, 0, 0, 0, 0, 0, 0, 0, 0, 760, '', 0, 0, 0, 0, 0, 0, 76, 0, 0, 0, 0, 8748496, 0, 0, 0, 0, 0, 16.9, 'm3', 16.9, 3600, 'Caterpillar', 454940
43, 'Kloubový dempr 31.4t 313kW', 3, 17, '735', '2', 313, 31393, 1089, 343, 401, 51, 35.7, 0, 0, 0, 0, 0, 0, 0, 0, 0, 0, 859, '', 0, 0, 0, 0, 0, 0, 79, 0, 0, 0, 0, 10485734, 0, 0, 0, 0, 0, 19.7, 'm3', 19.7, 3600, 'Caterpillar', 545280
44, 'Kloubový dempr 33.1t 338kW', 3, 17, '740', '2', 338, 33100, 1089, 352, 405, 54.7, 38.3, 0, 0, 0, 0, 0, 0, 0, 0, 0, 0, 859, '', 0, 0, 0, 0, 0, 0, 79, 0, 0, 0, 0, 11624150, 0, 0, 0, 0, 0, 24, 'm3', 24, 3600, 'Caterpillar', 604480
46, 'Kolový traktor 6.9t 72kW', 8, 28, '420F', '1', 720, 6895, 714, 232, 282, 40, 28, 0, 0, 4, 0, 0, 0, 0, 0, 0, 0, 1097, '', 0, 0, 0, 0, 0, 0, 79, 76, 0, 0, 0, 1680894, 0, 0, 0, 0, 0, 0.96, 'm3', 0, 0, 'Caterpillar', 87410
47, 'Kolový traktor 7.1t 83kW', 8, 28, '430F', '1', 83, 7125, 728, 232, 358, 40, 28, 0, 0, 4, 0, 0, 0, 0, 0, 0, 0, 1097, '', 0, 0, 0, 0, 0, 0, 80, 76, 0, 0, 0, 1894155, 0, 0, 0, 0, 0, 0.96, 'm3', 0, 0, 'Caterpillar', 98500
48, 'Kolový traktor 11t 92kW', 8, 28, '450E', '1', 92, 10950, 791, 244, 287, 40, 28, 0, 0, 5, 0, 0, 0, 0, 0, 0, 0, 1118, '', 0, 0, 0, 0, 0, 0, 83, 79, 0, 0, 0, 2895461, 0, 0, 0, 0, 0, 1.34, 'm3', 0, 0, 'Caterpillar', 150570
50, 'Minirypadlo 1.5t 13.2kW', 1, 1, '301.4C', '1', 13.2, 1550, 146, 99, 228, 2.5, 2.5, 30, 0, 0, 0, 0, 0, 0, 224, 339, 370, 149, '', 0, 0, 0, 0, 0, 0, 0, 0, 0, 0, 0, 622475, 0, 0, 0, 0, 0, 0.06, 'm3', 0, 0, 'Caterpillar', 32370
51, 'Minirypadlo 1.7t 13.5kW', 1, 1, '301.8C', '1', 13.5, 1785, 369, 98, 236, 4.5, 4.5, 30, 0, 0, 0, 0, 0, 0, 208, 335, 370, 0, '', 0, 0, 0, 0, 0, 0, 83, 83, 0, 0, 0, 686511, 0, 0, 0, 0, 0, 0.06, 'm3', 0, 0, 'Caterpillar', 35700
52, 'Minirypadlo 2.8t 18.6kW', 1, 1, '302.5C', '1', 18.6, 2850, 451, 145, 311, 5, 5, 30, 0, 0, 0, 0, 0, 0, 264, 435, 467, 0, '', 0, 0, 0, 0, 0, 0, 81, 81, 0, 0, 0, 780930, 0, 0, 0, 0, 0, 0.1, 'm3', 0, 0, 'Caterpillar', 40610
53, 'Minirypadlo 2.7t 15.2kW', 1, 1, '302.7D', '1', 15.2, 2670, 425, 157, 241, 3.8, 3.8, 30, 0, 0, 0, 0, 0, 0, 254, 417, 448, 0, '', 0, 0, 0, 0, 0, 0, 0, 0, 0, 0, 0, 780930, 0, 0, 0, 0, 0, 0.1, 'm3', 0, 0, 'Caterpillar', 40610
54, 'Rypadlo 3.7t 23.6kW', 1, 1, '303.5E CR', '1', 23.6, 3692, 473, 178, 250, 2.6, 2.6, 0, 32.1, 0, 0, 0, 0, 0, 288, 492, 520, 0, '', 0, 0, 0, 0, 0, 0, 0, 0, 0, 0, 0, 880157, 0, 0, 0, 0, 0, 0.19, 'm3', 0, 0, 'Caterpillar', 45770
55, 'Rypadlo 4t 30kW', 1, 1, '304E CR', '1', 30, 4009, 473, 178, 250, 2.6, 2.6, 0, 29.1, 0, 0, 0, 0, 0, 313, 498, 535, 0, '', 0, 0, 0, 0, 0, 0, 0, 0, 0, 0, 0, 1007844, 0, 0, 0, 0, 0, 0.25, 'm3', 0, 0, 'Caterpillar', 52410
56, 'Rypadlo 5.4t 33kW', 1, 1, '305.5E CR', '1', 32.9, 5415, 473, 178, 250, 2.8, 2.8, 0, 30, 0, 0, 0, 0, 0, 328, 525, 560, 0, '', 0, 0, 0, 0, 0, 0, 0, 0, 0, 0, 0, 1171684, 0, 0, 0, 0, 0, 0.28, 'm3', 0, 0, 'Caterpillar', 60930
57, 'Rypadlo 7t 41.5kW', 1, 1, '307D', '1', 41.5, 7075, 570, 229, 263, 5, 5, 35, 0, 0, 0, 0, 0, 0, 405, 723, 629, 0, '', 0, 0, 0, 0, 0, 0, 79, 98, 0, 0, 0, 2022035, 0, 0, 0, 0, 0, 0.3, 'm3', 0, 0, 'Caterpillar', 105150
58, 'Rypadlo 8.3t 48.5kW', 1, 1, '308E CR SB', '1', 48.5, 8333, 638, 232, 255, 5.26, 5.26, 30, 36.3, 0, 0, 0, 0, 0, 415, 664, 702, 0, '', 0, 0, 0, 0, 0, 0, 0, 0, 0, 0, 0, 2156645, 0, 0, 0, 0, 0, 0.35, 'm3', 0, 0, 'Caterpillar', 112150
59, 'Pásové rypadlo 12.5t 60kW', 1, 2, '311D LRR', '1', 60, 12480, 691, 259, 275, 5.1, 5.1, 30, 40.4, 7, 8, 9, 10, 11, 504, 545, 770, 0, '', 0, 0, 0, 0, 0, 0, 73, 0, 0, 0, 0, 2355867, 0, 0, 0, 0, 0, 0.52, 'm3', 0, 0, 'Caterpillar', 122510
60, 'Pásové rypadlo 13t 67kW', 1, 2, '312D', '1', 67, 12920, 761, 249, 276, 5.5, 5.5, 0, 40.4, 12, 13, 14, 15, 0, 554, 848, 817, 0, '', 0, 0, 0, 0, 0, 0, 73, 73, 0, 0, 0, 0, 0, 0, 0, 0, 0, 0.74, 'm3', 0, 0, 'Caterpillar', 0
61, 'Pásové rypadlo 14t 67kW', 1, 2, '314D CR', '1', 67, 14000, 727, 249, 291, 5.5, 5.5, 0, 45.3, 0, 0, 0, 0, 0, 544, 930, 818, 0, '', 0, 0, 0, 0, 0, 0, 73, 0, 0, 0, 0, 2831810, 0, 0, 0, 0, 0, 0.74, 'm3', 0, 0, 'Caterpillar', 147260
62, 'Pásové rypadlo 17.3t 86kW', 1, 2, '315D L', '1', 86, 17280, 852, 249, 293, 5.6, 5.6, 0, 48.5, 0, 0, 0, 0, 0, 572, 874, 873, 0, '', 0, 0, 0, 0, 0, 0, 73, 0, 0, 0, 0, 3027379, 0, 0, 0, 0, 0, 0.88, 'm3', 0, 0, 'Caterpillar', 157430
63, 'Pásové rypadlo 17.6t 85kW', 1, 2, '316E', '1', 85, 17600, 857, 252, 337, 5.2, 5.2, 0, 49, 0, 0, 0, 0, 0, 659, 921, 926, 0, '', 0, 0, 0, 0, 0, 0, 71, 101, 0, 0, 0, 0, 0, 0, 0, 0, 0, 0.91, 'm3', 0, 0, 'Caterpillar', 0
64, 'Pásové rypadlo 18.6t 85kW', 1, 2, '318E', '1', 85, 18600, 858, 252, 339, 3.9, 3.9, 0, 52, 0, 0, 0, 0, 0, 659, 922, 926, 0, '', 0, 0, 0, 0, 0, 0, 71, 101, 0, 0, 0, 0, 0, 0, 0, 0, 0, 0.76, 'm3', 0, 0, 'Caterpillar', 0
65, 'Pásové rypadlo 20t 93kW', 1, 2, '319D L', '1', 93, 19900, 882, 280, 312, 4.8, 4.8, 0, 40.5, 0, 0, 0, 0, 0, 689, 961, 964, 0, '', 0, 0, 0, 0, 0, 0, 0, 0, 0, 0, 0, 3070070, 0, 0, 0, 0, 0, 1.02, 'm3', 0, 0, 'Caterpillar', 159650
66, 'Pásové rypadlo 20t 110kW', 1, 2, '320D L', '1', 110, 20330, 944, 300, 374, 5.5, 5.5, 0, 0, 0, 0, 0, 0, 0, 766, 994, 1076, 0, '', 0, 0, 0, 0, 0, 0, 0, 0, 0, 0, 0, 4361364, 0, 0, 0, 0, 0, 1.39, 'm3', 0, 0, 'Caterpillar', 226800
67, 'Pásové rypadlo 29.5t 145kW', 1, 2, '324E', '1', 145, 29479, 1006, 319, 322, 5.3, 5.3, 0, 42, 0, 0, 0, 0, 0, 681, 969, 1011, 0, '', 0, 0, 0, 0, 0, 0, 71, 104, 0, 0, 0, 5683042, 0, 0, 0, 0, 0, 1.83, 'm3', 0, 0, 'Caterpillar', 295530
68, 'Pásové rypadlo 40t 152kW', 1, 2, '328D LCR', '1', 152, 39845, 982, 319, 337, 4.2, 4.2, 0, 0, 0, 0, 0, 0, 0, 692, 1111, 1077, 0, '', 0, 0, 0, 0, 0, 0, 0, 0, 0, 0, 0, 4929803, 0, 0, 0, 0, 0, 1.88, 'm3', 0, 0, 'Caterpillar', 256360
69, 'Pásové rypadlo 31t 173kW', 1, 2, '329E', '1', 173, 31279, 1039, 319, 337, 5.1, 5.1, 0, 51.2, 0, 0, 0, 0, 0, 725, 1001, 1068, 0, '', 0, 0, 0, 0, 0, 0, 72, 105, 0, 0, 0, 4486936, 0, 0, 0, 0, 0, 1.88, 'm3', 0, 0, 'Caterpillar', 233330
70, 'Pásové rypadlo 36.5t 200kW', 1, 2, '336D L', '1', 200, 36498, 1120, 339, 363, 5, 5, 0, 0, 0, 0, 0, 0, 0, 818, 1075, 1171, 0, '', 0, 0, 0, 0, 0, 0, 0, 0, 0, 0, 0, 5151332, 0, 0, 0, 0, 0, 2.55, 'm3', 0, 0, 'Caterpillar', 267880
71, 'Pásové rypadlo 45t 283kW', 1, 3, '345D L', '1', 283, 45375, 1245, 364, 368, 4.5, 4.5, 0, 0, 0, 0, 0, 0, 0, 892, 787, 1296, 0, '', 0, 0, 0, 0, 0, 0, 0, 0, 0, 0, 0, 7856417, 0, 0, 0, 0, 0, 3.1, 'm3', 0, 0, 'Caterpillar', 408550
72, 'Pásové rypadlo 66t 302kW', 1, 3, '365C L', '1', 302, 65960, 1317, 350, 495, 4.1, 4.1, 0, 87.3, 0, 0, 0, 0, 0, 964, 919, 1404, 0, '', 0, 0, 0, 0, 0, 0, 0, 0, 0, 0, 0, 11915485, 0, 0, 0, 0, 0, 3.8, 'm3', 0, 0, 'Caterpillar', 619630
73, 'Pásové rypadlo 71t 355kW', 1, 3, '374D L', '1', 355, 71132, 1323, 350, 495, 4.1, 4.1, 0, 92.3, 0, 0, 0, 0, 0, 966, 899, 1423, 0, '', 0, 0, 0, 0, 0, 0, 0, 0, 0, 0, 0, 13083515, 0, 0, 0, 0, 0, 5, 'm3', 0, 0, 'Caterpillar', 680370
74, 'Pásové rypadlo 85t 382kW', 1, 3, '385C L', '1', 382, 84980, 1623, 350, 532, 4.4, 4.4, 0, 100.4, 0, 0, 0, 0, 0, 1175, 1100, 1720, 0, '', 0, 0, 0, 0, 0, 0, 0, 0, 0, 0, 0, 14474421, 0, 0, 0, 0, 0, 5.8, 'm3', 0, 0, 'Caterpillar', 752700
75, 'Kolové rypadlo 14t 95kW', 1, 5, 'M313D', '1', 95, 14000, 831, 254, 312, 37, 37, 30, 0, 0, 0, 0, 0, 0, 575, 967, 877, 810, '', 0, 0, 0, 0, 0, 0, 0, 102, 0, 0, 0, 3365058, 0, 0, 0, 0, 0, 0.92, 'm3', 0, 0, 'Caterpillar', 174990
76, 'Kolové rypadlo 16t 101kW', 1, 5, 'M315D', '1', 101, 16100, 848, 254, 315, 34, 34, 35, 0, 0, 0, 0, 0, 0, 607, 1004, 938, 830, '', 0, 0, 0, 0, 0, 0, 0, 102, 0, 0, 0, 3823501, 0, 0, 0, 0, 0, 1.26, 'm3', 0, 0, 'Caterpillar', 198830
77, 'Kolové rypadlo 17t 118kW', 1, 5, 'M316D', '1', 118, 17000, 855, 254, 317, 37, 37, 33, 0, 0, 0, 0, 0, 0, 607, 1006, 938, 830, '', 0, 0, 0, 0, 0, 0, 0, 103, 0, 0, 0, 4112528, 0, 0, 0, 0, 0, 1.26, 'm3', 0, 0, 'Caterpillar', 213860
78, 'Kolové rypadlo 18.2t 124kW', 1, 5, 'M318D', '1', 124, 18200, 887, 254, 317, 37, 37, 31, 0, 0, 0, 0, 0, 0, 636, 971, 960, 830, '', 0, 0, 0, 0, 0, 0, 0, 103, 0, 0, 0, 4403285, 0, 0, 0, 0, 0, 1.26, 'm3', 0, 0, 'Caterpillar', 228980
79, 'Kolové rypadlo 19.5t 123kW', 1, 5, 'M322D', '1', 124, 18200, 943, 267, 320, 25, 25, 31, 0, 0, 0, 0, 0, 0, 668, 1056, 1032, 930, '', 0, 0, 0, 0, 0, 0, 0, 103, 0, 0, 0, 5059605, 0, 0, 0, 0, 0, 1.57, 'm3', 0, 0, 'Caterpillar', 263110
80, 'Demoliční rypadlo 47.9t 200kW', 9, 30, '330D UHD', '3', 200, 47900, 1483, 0, 341, 0, 0, 0, 0, 0, 0, 0, 0, 0, 0, 2120, 1385, 0, '', 0, 0, 0, 0, 0, 0, 0, 0, 0, 0, 0, 0, 0, 0, 0, 0, 0, 0, '', 0, 0, 'Caterpillar', 0
81, 'Demoliční rypadlo 67t 239kW', 9, 30, '345C UHD', '3', 239, 67000, 1780, 0, 372, 0, 0, 0, 0, 0, 0, 0, 0, 0, 0, 2610, 1640, 0, '', 0, 0, 0, 0, 0, 0, 0, 0, 0, 0, 0, 7856417, 0, 0, 0, 0, 0, 0, '', 0, 0, 'Caterpillar', 408550
82, 'Demoliční rypadlo 85.7t 302kW', 9, 30, '365C UHD', '3', 302, 85700, 2072, 0, 394, 0, 0, 0, 0, 0, 0, 0, 0, 0, 0, 3310, 2160, 0, '', 0, 0, 0, 0, 0, 0, 0, 0, 0, 0, 0, 11915485, 0, 0, 0, 0, 0, 0, '', 0, 0, 'Caterpillar', 619630
83, 'Demoliční rypadlo 99t 390kW', 9, 30, '385C UHD', '3', 390, 98700, 2271, 0, 395, 0, 0, 0, 0, 0, 0, 0, 0, 0, 0, 3950, 2520, 0, '', 0, 0, 0, 0, 0, 0, 0, 0, 0, 0, 0, 14474421, 0, 0, 0, 0, 0, 0, '', 0, 0, 'Caterpillar', 752700
84, 'Truboukladač 45.4t 231kW', 100, 35, '583T', '3', 231, 45359, 523, 307, 352, 14.2, 10.6, 0, 0, 0, 0, 0, 0, 0, 0, 0, 0, 0, '', 0, 0, 0, 0, 0, 0, 0, 0, 0, 0, 0, 0, 0, 0, 0, 0, 0, 0, 'm', 0, 0, 'Caterpillar', 0
85, 'Truboukladač 53.1t 273kW', 100, 35, '587T', '3', 273, 53070, 549, 404, 383, 12.3, 9.4, 0, 0, 0, 0, 0, 0, 0, 0, 0, 0, 0, '', 0, 0, 0, 0, 0, 0, 0, 0, 0, 0, 0, 0, 0, 0, 0, 0, 0, 0, '', 0, 0, 'Caterpillar', 0
86, 'Smykem řízený nakladač kolový 2.6t 35kW', 2, 9, '216B', '1', 35, 2581, 323, 152, 195, 12.7, 12.7, 0, 0, 16, 0, 0, 0, 0, 0, 285, 129, 194, '', 0, 0, 0, 0, 0, 0, 0, 0, 0, 0, 0, 584015, 0, 0, 0, 0, 0, 635, 'kg', 0, 0, 'Caterpillar', 30370
87, 'Smykem řízený nakladač kolový 2.6t 42kW', 2, 9, '226B', '1', 42, 2641, 323, 152, 195, 12.7, 12.7, 0, 0, 21, 0, 0, 0, 0, 0, 285, 129, 194, '', 0, 0, 0, 0, 0, 0, 0, 0, 0, 0, 0, 620937, 0, 0, 0, 0, 0, 680, 'kg', 0, 0, 'Caterpillar', 32290
88, 'Smykem řízený nakladač kolový 3.2t 53kW', 2, 9, '236B', '1', 53, 3178, 352, 168, 209, 18.1, 12.1, 0, 0, 17, 0, 0, 0, 0, 0, 309, 135, 209, '', 0, 0, 0, 0, 0, 0, 0, 0, 0, 0, 0, 689011, 0, 0, 0, 0, 0, 884, 'kg', 0, 0, 'Caterpillar', 35830
89, 'Smykem řízený nakladač kolový 1t 53kW', 2, 9, '242B', '1', 53, 975, 343, 168, 202, 18.4, 12.4, 0, 0, 22, 0, 0, 0, 0, 0, 308, 121, 209, '', 0, 0, 0, 0, 0, 0, 0, 0, 0, 0, 0, 706126, 0, 0, 0, 0, 0, 975, 'kg', 0, 0, 'Caterpillar', 36720
90, 'Smykem řízený nakladač kolový 3.4t 54kW', 2, 9, '246C', '1', 54, 3393, 369, 168, 210, 19.3, 12.5, 0, 0, 18, 0, 0, 0, 0, 0, 312, 139, 217, '', 0, 0, 0, 0, 0, 0, 0, 0, 0, 0, 0, 760739, 0, 0, 0, 0, 0, 975, 'kg', 0, 0, 'Caterpillar', 39560
91, 'Smykem řízený nakladač kolový 3.5t 53kW', 2, 9, '252B', '1', 53, 3565, 362, 183, 206, 17.8, 11.9, 0, 0, 23, 0, 0, 0, 0, 0, 321, 126, 216, '', 0, 0, 0, 0, 0, 0, 0, 0, 0, 0, 0, 782853, 0, 0, 0, 0, 0, 1202, 'kg', 0, 0, 'Caterpillar', 40710
92, 'Smykem řízený nakladač kolový 3.8t 71kW', 2, 9, '272D', '1', 71, 3812, 385, 193, 210, 15.1, 10.6, 0, 0, 19, 0, 0, 0, 0, 0, 321, 129, 232, '', 0, 0, 0, 0, 0, 0, 0, 0, 0, 0, 0, 1018805, 0, 0, 0, 0, 0, 1451, 'kg', 0, 0, 'Caterpillar', 52980
93, 'Smykem řízený nakladač kolový 4.2t 79kW', 2, 9, '272D XHP', '1', 79, 4220, 383, 193, 214, 16.6, 11.6, 0, 0, 20, 0, 0, 0, 0, 0, 246, 125, 231, '', 0, 0, 0, 0, 0, 0, 0, 0, 0, 0, 0, 1018805, 0, 0, 0, 0, 0, 1633, 'kg', 0, 0, 'Caterpillar', 52980
94, 'Kompaktní pásový nakladač 4t 53kW', 2, 10, '259B', '1', 53, 4052, 343, 168, 199, 13.6, 9.5, 0, 41.2, 25, 0, 0, 0, 0, 0, 387, 134, 217, '', 0, 0, 0, 0, 0, 0, 0, 0, 0, 0, 0, 987653, 0, 0, 0, 0, 0, 1338, 'kg', 0, 0, 'Caterpillar', 51360
95, 'Kompaktní pásový nakladač 4.7t 54kW', 2, 10, '289C', '1', 54, 4687, 368, 198, 212, 13.6, 8.1, 0, 30.9, 27, 0, 0, 0, 0, 0, 408, 128, 224, '', 0, 0, 0, 0, 0, 0, 0, 0, 0, 0, 0, 1416097, 0, 0, 0, 0, 0, 1656, 'kg', 0, 0, 'Caterpillar', 73640
96, 'Kompaktní pásový nakladač 4.9t 71kW', 2, 10, '299D', '1', 71, 4943, 385, 198, 210, 13.6, 8.1, 0, 30.5, 29, 0, 0, 0, 0, 0, 405, 129, 235, '', 0, 0, 0, 0, 0, 0, 0, 0, 0, 0, 0, 1461865, 0, 0, 0, 0, 0, 1928, 'kg', 0, 0, 'Caterpillar', 76020
97, 'Kompaktní pásový nakladač 5.3t 79kW', 2, 10, '299D XHP', '1', 79, 5283, 385, 193, 210, 13.6, 8.1, 0, 36.8, 24, 0, 0, 0, 0, 0, 405, 129, 235, '', 0, 0, 0, 0, 0, 0, 0, 0, 0, 0, 0, 1461865, 0, 0, 0, 0, 0, 2064, 'kg', 0, 0, 'Caterpillar', 76020
98, 'Kompaktní pásový nakladač 3.2t 42kW', 2, 10, '247B', '1', 42, 3174, 328, 168, 199, 11.3, 11.3, 0, 27.3, 28, 0, 0, 0, 0, 0, 380, 134, 209, '', 0, 0, 0, 0, 0, 0, 0, 0, 0, 0, 0, 835928, 0, 0, 0, 0, 0, 975, 'kg', 0, 0, 'Caterpillar', 43470
99, 'Kompaktní pásový nakladač 3.7t 53kW', 2, 10, '257B', '1', 53, 3656, 344, 168, 203, 16.1, 11.1, 0, 31, 26, 0, 0, 0, 0, 0, 390, 133, 219, '', 0, 0, 0, 0, 0, 0, 0, 0, 0, 0, 0, 933809, 0, 0, 0, 0, 0, 1213, 'kg', 0, 0, 'Caterpillar', 48560
100, 'Kompaktní pásový nakladač 4.3t 54kW', 2, 10, '277B', '1', 54, 4307, 369, 198, 211, 14.9, 9, 0, 25.5, 31, 0, 0, 0, 0, 0, 400, 141, 233, '', 0, 0, 0, 0, 0, 0, 0, 0, 0, 0, 0, 1208221, 0, 0, 0, 0, 0, 1451, 'kg', 0, 0, 'Caterpillar', 62830
101, 'Kompaktní pásový nakladač 4.5t 54kW', 2, 10, '287C', '1', 54, 4517, 369, 198, 211, 14.9, 9, 0, 26.9, 30, 0, 0, 0, 0, 0, 407, 128, 233, '', 0, 0, 0, 0, 0, 0, 0, 0, 0, 0, 0, 1248027, 0, 0, 0, 0, 0, 1724, 'kg', 0, 0, 'Caterpillar', 64900
102, 'Pásový nakladač 15.6t 110kW', 2, 15, '953D', '1', 110, 15595, 0, 0, 0, 10, 10, 0, 65.5, 0, 0, 0, 0, 0, 0, 0, 0, 0, '', 0, 0, 0, 0, 0, 0, 0, 0, 0, 0, 0, 4281175, 0, 0, 0, 0, 0, 1.83, 'm3', 0, 0, 'Caterpillar', 222630
103, 'Pásový nakladač 20t 141kW', 2, 15, '963D', '1', 141, 20220, 694, 228, 333, 11, 11, 0, 71.5, 0, 0, 0, 0, 0, 0, 394, 137, 0, '', 0, 0, 0, 0, 0, 0, 76, 80, 0, 0, 0, 5524394, 0, 0, 0, 0, 0, 2.45, 'm3', 0, 0, 'Caterpillar', 287280
104, 'Pásový nakladač 28t 196kW', 2, 15, '973D', '1', 196, 28058, 730, 283, 351, 11, 11, 0, 85.5, 0, 0, 0, 0, 0, 0, 423, 147, 0, '', 0, 0, 0, 0, 0, 0, 77, 85, 0, 0, 0, 7684116, 0, 0, 0, 0, 0, 3.21, 'm3', 0, 0, 'Caterpillar', 399590
105, 'Teleskopický manipulátor 4.9t 63kW', 10, 36, 'TH255', '1', 63, 4899, 366, 182, 192, 29, 18, 0, 0, 32, 0, 0, 0, 0, 0, 561, 330, 320, '', 0, 0, 0, 0, 0, 0, 0, 0, 0, 0, 0, 0, 0, 0, 0, 0, 0, 2500, 'kg', 150000, 60, 'Caterpillar', 0
106, 'Teleskopický manipulátor 7.2t 74kW', 10, 36, 'TH406', '1', 74, 7200, 462, 238, 232, 40, 21, 0, 0, 0, 0, 0, 0, 0, 0, 610, 311, 467, '', 0, 0, 0, 0, 0, 0, 0, 0, 0, 0, 0, 0, 0, 0, 0, 0, 0, 3700, 'kg', 222000, 60, 'Caterpillar', 0
107, 'Teleskopický manipulátor 10.8t 75kW', 10, 36, 'TH514', '1', 75, 10760, 652, 244, 263, 32, 21, 0, 0, 0, 0, 0, 0, 0, 0, 1370, 922, 557, '', 0, 0, 0, 0, 0, 0, 0, 0, 0, 0, 0, 0, 0, 0, 0, 0, 0, 499, 'kg', 29940, 60, 'Caterpillar', 0
108, 'Teleskopický manipulátor 9.6t 75kW', 10, 36, 'TL642C', '1', 75, 9637, 594, 241, 238, 32, 21, 0, 0, 0, 0, 0, 0, 0, 0, 1280, 910, 366, '', 0, 0, 0, 0, 0, 0, 0, 0, 0, 0, 0, 0, 0, 0, 0, 0, 0, 2948, 'kg', 176880, 60, 'Caterpillar', 0
109, 'Teleskopický manipulátor 12t 83kW', 10, 36, 'TL943C', '1', 83, 12032, 625, 242, 244, 32.7, 21.4, 0, 0, 0, 0, 0, 0, 0, 0, 1310, 960, 366, '', 0, 0, 0, 0, 0, 0, 0, 0, 0, 0, 0, 0, 0, 0, 0, 0, 0, 4082, 'kg', 244920, 60, 'Caterpillar', 0
110, 'Teleskopický manipulátor 15.5t 106kW', 10, 36, 'TL1055C', '1', 106, 15495, 633, 256, 256, 32.8, 21.5, 0, 0, 0, 0, 0, 0, 0, 0, 1680, 1295, 430, '', 0, 0, 0, 0, 0, 0, 0, 0, 0, 0, 0, 0, 0, 0, 0, 0, 0, 4536, 'kg', 272160, 60, 'Caterpillar', 0
111, 'Teleskopický manipulátor 16.3t 106kW', 10, 36, 'TL1255C', '1', 106, 16267, 633, 256, 256, 32.8, 21.5, 0, 0, 0, 0, 0, 0, 0, 0, 1660, 1300, 430, '', 0, 0, 0, 0, 0, 0, 0, 0, 0, 0, 0, 0, 0, 0, 0, 0, 0, 5443, 'kg', 326580, 60, 'Caterpillar', 0
112, 'Kolový nakladač 5.6t 51kW', 2, 11, '906H2', '1', 51, 5630, 559, 184, 246, 35, 20, 0, 0, 0, 0, 0, 0, 0, 0, 302, 81, 444, '', 0, 0, 0, 0, 0, 0, 0, 0, 0, 0, 0, 1480710, 0, 0, 0, 0, 0, 0.9, 'm3', 0, 0, 'Caterpillar', 77000
113, 'Kolový nakladač 6.5t 51kW', 2, 11, '908H2', '1', 51, 6465, 576, 198, 265, 35, 20, 0, 0, 0, 0, 0, 0, 0, 0, 321, 85, 465, '', 0, 0, 0, 0, 0, 0, 0, 0, 0, 0, 0, 1735508, 0, 0, 0, 0, 0, 1.1, 'm3', 0, 0, 'Caterpillar', 90250
114, 'Kolový nakladač 8t 71kW', 2, 11, '914G2', '1', 71, 7950, 622, 222, 310, 35, 9, 0, 0, 0, 0, 0, 0, 0, 9, 439, 133, 0, '', 0, 0, 0, 0, 0, 0, 74, 0, 0, 0, 0, 2133569, 0, 0, 0, 0, 0, 1.4, 'm3', 0, 0, 'Caterpillar', 110950
115, 'Kolový nakladač 12.9t 105kW', 2, 13, '924K', '1', 105, 12868, 745, 254, 334, 40, 13, 0, 0, 0, 0, 0, 0, 0, 10, 508, 106, 592, '', 0, 0, 0, 0, 0, 0, 0, 0, 0, 0, 0, 2507400, 0, 0, 0, 0, 0, 1.9, 'm3', 0, 0, 'Caterpillar', 130390
116, 'Kolový nakladač 13.9t 115kW', 2, 13, '930K', '1', 115, 13829, 753, 300, 334, 40, 13, 0, 0, 0, 0, 0, 0, 0, 10, 515, 106, 594, '', 0, 0, 0, 0, 0, 0, 0, 0, 0, 0, 0, 3294484, 0, 0, 0, 0, 0, 2.1, 'm3', 0, 0, 'Caterpillar', 171320
117, 'Kolový nakladač 16t 126kW', 2, 13, '938K', '1', 126, 15928, 766, 305, 334, 40, 13, 0, 0, 0, 0, 0, 0, 0, 10, 527, 115, 613, '', 0, 0, 0, 0, 0, 0, 0, 0, 0, 0, 0, 3491207, 0, 0, 0, 0, 0, 2.5, 'm3', 0, 0, 'Caterpillar', 181550
118, 'Kolový nakladač 20t 165kW', 2, 13, '962K', '1', 165, 20443, 831, 272, 335, 37.9, 12.9, 0, 0, 0, 0, 0, 0, 0, 9, 561, 266, 602, '', 0, 0, 0, 0, 0, 0, 71, 75, 0, 0, 0, 4694235, 0, 0, 0, 0, 0, 2.5, 'm3', 0, 0, 'Caterpillar', 244110
119, 'Kolový nakladač 25t 214kW', 2, 13, '972H', '1', 214, 25148, 928, 314, 360, 36.9, 12.6, 0, 0, 0, 0, 0, 0, 0, 6, 607, 303, 1516, '', 0, 0, 0, 0, 0, 0, 75, 0, 0, 0, 0, 7061448, 0, 0, 0, 0, 0, 3.8, 'm3', 0, 0, 'Caterpillar', 367210
120, 'Kolový nakladač 30t 260kW', 2, 13, '980H', '1', 260, 30519, 948, 353, 376, 36.3, 11.8, 0, 0, 0, 0, 0, 0, 0, 9, 614, 300, 1588, '', 0, 0, 0, 0, 0, 0, 76, 0, 0, 0, 0, 9088290, 0, 0, 0, 0, 0, 3.8, 'm3', 0, 0, 'Caterpillar', 472610
121, 'Kolový nakladač 50t 373kW', 2, 14, '988H', '1', 373, 50144, 1183, 359, 413, 38.6, 12.3, 0, 0, 0, 0, 0, 0, 0, 23, 763, 381, 0, '', 0, 0, 0, 0, 0, 0, 76, 81, 0, 0, 0, 15257467, 0, 0, 0, 0, 0, 6.4, 'm3', 0, 0, 'Caterpillar', 793420
122, 'Kolový nakladač 78t 468kW', 2, 14, '990H', '1', 468, 77842, 1278, 445, 507, 22.4, 12.8, 0, 0, 0, 0, 0, 0, 0, 11, 812, 395, 1034, '', 0, 0, 0, 0, 0, 0, 72, 82, 0, 0, 0, 24723819, 0, 0, 0, 0, 0, 8.4, 'm3', 0, 0, 'Caterpillar', 1285690
123, 'Kolový nakladač 134t 726kW', 2, 14, '993K', '1', 726, 133668, 1526, 508, 555, 20.5, 11.9, 0, 0, 0, 0, 0, 0, 0, 13, 990, 260, 1101, '', 0, 0, 0, 0, 0, 0, 72, 0, 0, 0, 0, 0, 0, 0, 0, 0, 0, 12.2, 'm3', 0, 0, 'Caterpillar', 0
124, 'Kolový nakladač 195t 1092kW', 2, 14, '994H', '1', 1092, 195434, 1688, 531, 700, 23.4, 13.2, 0, 0, 0, 0, 0, 0, 0, 9, 1093, 231, 0, '', 0, 0, 0, 0, 0, 0, 71, 87, 0, 0, 0, 0, 0, 0, 0, 0, 0, 14, 'm3', 0, 0, 'Caterpillar', 0
125, 'Rypadlo s nakládací lopatou 90.6t 390kW', 1, 6, '385C FS', '1', 390, 90600, 1425, 416, 450, 4.5, 4.5, 0, 0, 33, 34, 35, 0, 0, 1035, 1126, 285, 0, '', 0, 0, 0, 0, 0, 0, 76, 0, 0, 0, 0, 14474421, 0, 0, 0, 0, 0, 4.6, 'm3', 0, 0, 'Caterpillar', 752700
126, 'Rypadlo s prodlouženým dosahem 29.7t 140kW', 1, 8, '329D LRE', '1', 140, 29700, 0, 0, 0, 0, 0, 0, 0, 0, 0, 0, 0, 0, 0, 0, 0, 0, '', 0, 0, 0, 0, 0, 0, 0, 0, 0, 0, 0, 4486936, 0, 0, 0, 0, 0, 1.3, 'm3', 0, 0, 'Caterpillar', 233330
127, 'Rypadlo s prodlouženým dosahem 39.7t 184kW', 1, 8, '336D LRE', '1', 184, 39680, 1531, 336, 368, 5, 5, 0, 0, 0, 0, 0, 0, 0, 1289, 1558, 1804, 0, '', 0, 0, 0, 0, 0, 0, 0, 0, 0, 0, 0, 5151332, 0, 0, 0, 0, 0, 1.3, 'm3', 0, 0, 'Caterpillar', 267880
128, 'Rypadlo s prodlouženým dosahem 88.5t 390kW', 1, 8, '385C LRE', '1', 390, 88310, 1660, 351, 395, 4.4, 4.4, 0, 0, 0, 0, 0, 0, 0, 1228, 1540, 1795, 0, '', 0, 0, 0, 0, 0, 0, 0, 0, 0, 0, 0, 14474421, 0, 0, 0, 0, 0, 1.5, 'm3', 0, 0, 'Caterpillar', 752700
129, 'Tandemový vibrační válec 1.6t 16kW', 7, 22, 'CB14', '1', 16.1, 1620, 205, 88, 163, 8.5, 1.2, 0, 0, 0, 0, 0, 0, 0, 0, 0, 0, 305, '', 0, 0, 0, 0, 0, 0, 0, 0, 0, 0, 0, 561516, 0, 0, 0, 0, 0, 0.8, 'm2', 720, 4, 'Caterpillar', 29200
130, 'Tandemový vibrační válec 2.5t 24kW', 7, 22, 'CB22', '1', 23.7, 2500, 250, 109, 180, 10.5, 1.5, 0, 0, 0, 0, 0, 0, 0, 0, 0, 0, 364, '', 0, 0, 0, 0, 0, 0, 0, 0, 0, 0, 0, 681319, 0, 0, 0, 0, 0, 1, 'm2', 900, 4, 'Caterpillar', 35430
131, 'Tandemový vibrační válec 4t 34kW', 7, 22, 'CB34', '1', 34, 3940, 312, 139, 185, 12.5, 1.8, 0, 0, 0, 0, 0, 0, 0, 0, 0, 0, 430, '', 0, 0, 0, 0, 0, 0, 0, 0, 0, 0, 0, 1125532, 0, 0, 0, 0, 0, 1.3, 'm2', 1337.14, 3.5, 'Caterpillar', 58530
132, 'Tandemový vibrační válec 9.5t 74kW', 7, 22, 'CD54', '1', 74, 9500, 427, 187, 304, 9, 7, 0, 0, 0, 0, 0, 0, 0, 0, 0, 0, 450, '', 0, 0, 0, 0, 0, 0, 0, 0, 0, 0, 0, 1894155, 0, 0, 0, 0, 0, 1.7, 'm2', 2040, 3, 'Caterpillar', 98500
133, 'Tahačový válec 7.6t 72kW', 7, 22, 'CP44', '1', 72, 7635, 508, 180, 297, 12.3, 5.5, 0, 0, 0, 0, 0, 0, 0, 0, 0, 0, 475, '', 0, 0, 0, 0, 0, 0, 0, 0, 0, 0, 0, 2450840, 0, 0, 0, 0, 0, 1.7, 'm2', 3060, 2, 'Caterpillar', 127448
134, 'Tahačový válec 11.5t 91kW', 7, 22, 'CP54', '1', 91, 11530, 557, 230, 307, 11.1, 5.8, 0, 0, 0, 0, 0, 0, 0, 0, 0, 0, 581, '', 0, 0, 0, 0, 0, 0, 0, 0, 0, 0, 0, 3150762, 0, 0, 0, 0, 0, 2.1, 'm2', 3780, 2, 'Caterpillar', 163846
135, 'Tahačový válec 14.5t 108kW', 7, 22, 'CP64', '1', 108, 14545, 586, 250, 307, 11.4, 5.7, 0, 0, 0, 0, 0, 0, 0, 0, 0, 0, 581, '', 0, 0, 0, 0, 0, 0, 0, 0, 0, 0, 0, 3600433, 0, 0, 0, 0, 0, 2.1, 'm2', 4725, 1.6, 'Caterpillar', 187230
136, 'Tahačový válec 17t 123kW', 7, 22, 'CS76', '1', 123, 16990, 613, 234, 307, 11.4, 5.7, 0, 0, 0, 0, 0, 0, 0, 0, 0, 0, 581, '', 0, 0, 0, 0, 0, 0, 0, 0, 0, 0, 0, 4308289, 0, 0, 0, 0, 0, 2.1, 'm2', 4447.06, 1.7, 'Caterpillar', 224040
137, 'Stabilizační fréza 24.5t 257kW', 7, 25, 'RM300', '3', 257, 24450, 1000, 282, 337, 9.7, 4.3, 0, 0, 0, 0, 0, 0, 0, 51, 0, 244, 390, '', 0, 0, 0, 0, 0, 0, 0, 0, 0, 0, 0, 5959377, 0, 0, 0, 0, 0, 2.44, 'm', 732, 12, 'Caterpillar', 309900
138, 'Stabilizační fréza 28.4t 397kW', 7, 25, 'RM500', '3', 397, 28410, 968, 282, 339, 9.2, 3.2, 0, 0, 0, 0, 0, 0, 0, 51, 0, 243, 370, '', 0, 0, 0, 0, 0, 0, 0, 0, 0, 0, 0, 9410777, 0, 0, 0, 0, 0, 2.44, 'm', 878.4, 10, 'Caterpillar', 489380
139, 'Silniční fréza 17.6t 168kW', 7, 25, 'PM102', '3', 168, 17600, 1075, 240, 340, 6.4, 4.1, 0, 0, 0, 0, 0, 0, 0, 30, 0, 100, 345, '', 0, 0, 0, 0, 0, 0, 0, 0, 0, 0, 0, 6379168, 0, 0, 0, 0, 0, 1, 'm', 180, 20, 'Caterpillar', 331730
140, 'Silniční fréza 30t 429kW', 7, 25, 'PM200', '3', 429, 30100, 1394, 290, 395, 5.9, 4.4, 0, 0, 0, 0, 0, 0, 0, 32, 0, 201, 200, '', 0, 0, 0, 0, 0, 0, 0, 0, 0, 0, 0, 11529539, 0, 0, 0, 0, 0, 2, 'm', 288, 25, 'Caterpillar', 599560
141, 'Finišer s pásovým podvozkem 4.5t 34kW', 7, 26, 'AP255E', '1', 34.1, 4500, 421, 164, 174, 3.2, 1.98, 0, 0, 0, 0, 0, 0, 0, 20, 0, 340, 0, '', 0, 0, 0, 0, 0, 0, 0, 0, 0, 0, 0, 2750820, 0, 0, 0, 0, 0, 3, 'm2', 5934.07, 1.82, 'Caterpillar', 143048
142, 'Finišer s kolovým podvozkem 7.3t 52kW', 7, 26, 'AP300', '1', 52, 7300, 420, 173, 296, 16, 2.4, 0, 0, 0, 0, 0, 0, 0, 0, 0, 0, 0, '', 0, 0, 0, 0, 0, 0, 0, 0, 0, 0, 0, 2351682, 0, 0, 0, 0, 0, 4, 'm2', 9600, 1.5, 'Caterpillar', 122292
143, 'Finišer s kolovým podvozkem 15.3t 106kW', 7, 26, 'AP500E', '1', 106, 15290, 546, 331, 282, 16, 3.6, 0, 0, 0, 0, 0, 0, 0, 31, 0, 0, 0, '', 0, 0, 0, 0, 0, 0, 0, 0, 0, 0, 0, 4468860, 0, 0, 0, 0, 0, 7, 'm2', 25200, 1, 'Caterpillar', 232390
144, 'Finišer s kolovým podvozkem 18.2t 121kW', 7, 26, 'AP600D', '1', 121, 18200, 495, 331, 302, 18, 1.5, 0, 0, 0, 0, 0, 0, 0, 0, 0, 0, 0, '', 0, 0, 0, 0, 0, 0, 0, 0, 0, 0, 0, 4820192, 0, 0, 0, 0, 0, 7.8, 'm2', 28080, 1, 'Caterpillar', 250660
145, 'Finišer s pásovým podvozkem 15.3t 106kW', 7, 26, 'AP555E', '1', 106, 15290, 546, 331, 282, 16, 3.6, 0, 0, 0, 0, 0, 0, 0, 31, 0, 0, 0, '', 0, 0, 0, 0, 0, 0, 0, 0, 0, 0, 0, 4999608, 0, 0, 0, 0, 0, 8, 'm2', 26181.8, 1.1, 'Caterpillar', 259990
146, 'Finišer s pásovým podvozkem 19t 129kW', 7, 26, 'AP655D', '1', 129, 19165, 495, 331, 292, 14.8, 1.5, 0, 0, 0, 0, 0, 0, 0, 0, 0, 0, 0, '', 0, 0, 0, 0, 0, 0, 0, 0, 0, 0, 0, 5469204, 0, 0, 0, 0, 0, 8, 'm2', 28800, 1, 'Caterpillar', 284410
147, 'Finišer s pásovým podvozkem 21t 140kW', 7, 26, 'AP755', '1', 140, 20990, 650, 350, 300, 6, 1.6, 0, 0, 0, 0, 0, 0, 0, 0, 0, 0, 100, '', 0, 0, 0, 0, 0, 0, 0, 0, 0, 0, 0, 5892450, 0, 0, 0, 0, 0, 13, 'm2', 31200, 1.5, 'Caterpillar', 306419
148, 'Vrtačka pro zakládání 44.7t 597kW', 100, 49, 'MD6240', '1', 597, 44678, 570, 391, 451, 2, 2, 0, 0, 0, 0, 0, 0, 0, 5547, 0, 0, 0, '', 0, 0, 0, 0, 0, 0, 80, 0, 0, 0, 0, 0, 0, 0, 0, 0, 0, 1, 'm', 2250, 1.6, 'Caterpillar', 0
149, 'Vrtačka pro zakládání 183t 899kW', 100, 49, 'MD6540', '1', 899, 183500, 1473, 731, 573, 2.1, 2.1, 34, 0, 0, 0, 0, 0, 0, 6558, 0, 0, 0, '', 0, 0, 0, 0, 0, 0, 72, 0, 0, 0, 0, 0, 0, 0, 0, 0, 0, 1, 'm', 2571.43, 1.4, 'Caterpillar', 0
150, 'Vrtačka pro zakládání 184t 746kW', 100, 49, 'MD6750', '1', 746, 183673, 775, 668, 592, 1.45, 1.45, 0, 0, 0, 0, 0, 0, 0, 1829, 0, 0, 0, '', 0, 0, 0, 0, 0, 0, 0, 0, 0, 0, 0, 0, 0, 0, 0, 0, 0, 1, 'm', 2769.23, 1.3, 'Caterpillar', 0
151, 'Vrtačka s pásovým podvozkem 12.7t 150kW', 100, 49, 'MD5050', '1', 150, 12700, 1070, 260, 320, 4.8, 4.8, 0, 88.3, 0, 0, 0, 0, 0, 3100, 0, 0, 0, '', 0, 0, 0, 0, 0, 0, 78, 0, 0, 0, 0, 0, 0, 0, 0, 0, 0, 1, 'm', 900, 4, 'Caterpillar', 0
152, 'Vrtačka s pásovým podvozkem 18t 224kW', 100, 49, 'MD5090', '1', 224, 17855, 1030, 260, 310, 4, 4, 35, 0, 0, 0, 0, 0, 0, 2300, 0, 0, 0, '', 0, 0, 0, 0, 0, 0, 0, 0, 0, 0, 0, 0, 0, 0, 0, 0, 0, 1, 'm', 1028.57, 3.5, 'Caterpillar', 0
153, 'Vrtačka s pásovým podvozkem 20.4t 287kW', 100, 49, 'MD5150', '1', 287, 20411, 1145, 259, 351, 4, 4, 35, 0, 0, 0, 0, 0, 0, 3100, 0, 0, 0, '', 0, 0, 0, 0, 0, 0, 0, 0, 0, 0, 0, 0, 0, 0, 0, 0, 0, 1, 'm', 1285.71, 2.8, 'Caterpillar', 0
154, 'Ručně vedený vozík 0.08t', 10, 45, 'CBF25', '3', 0, 80, 160, 69, 122, 0, 0, 0, 0, 0, 0, 0, 0, 0, 0, 11, 0, 127, '', 0, 0, 0, 0, 0, 0, 0, 0, 0, 0, 0, 0, 0, 0, 0, 0, 0, 2500, 'kg', 75000, 120, 'Caterpillar', 0
155, 'Ručně vedený vozík 0.1t', 10, 45, 'CJF', '3', 0, 100, 151, 69, 122, 0, 0, 0, 0, 0, 0, 0, 0, 0, 0, 71, 0, 136, '', 0, 0, 0, 0, 0, 0, 0, 0, 0, 0, 0, 0, 0, 0, 0, 0, 0, 1000, 'kg', 30000, 120, 'Caterpillar', 0
156, 'Ručně vedený vozík 0.065t', 10, 45, 'CBFG', '3', 0, 65, 153, 52, 122, 0, 0, 0, 0, 0, 0, 0, 0, 0, 0, 11, 0, 127, '', 0, 0, 0, 0, 0, 0, 0, 0, 0, 0, 0, 0, 0, 0, 0, 0, 0, 2300, 'kg', 69000, 120, 'Caterpillar', 0
157, 'Vysokozdvižný vozík 2.5t 28kW', 10, 33, 'DP15N', '1', 28, 2560, 333, 148, 214, 19, 13, 18, 0, 0, 0, 0, 0, 0, 0, 329, 0, 195, '', 0, 0, 0, 0, 0, 0, 0, 0, 0, 0, 0, 0, 0, 0, 0, 0, 0, 1500, 'kg', 90000, 60, 'Caterpillar', 0
158, 'Vysokozdvižný vozík 3.7t 38kW', 10, 33, 'DP20N', '1', 38, 3710, 356, 164, 215, 19, 13, 19, 0, 0, 0, 0, 0, 0, 0, 330, 0, 219, '', 0, 0, 0, 0, 0, 0, 0, 0, 0, 0, 0, 0, 0, 0, 0, 0, 0, 2500, 'kg', 150000, 60, 'Caterpillar', 0
159, 'Vysokozdvižný vozík 4.7t 47kW', 10, 33, 'GP30N', '1', 47, 4660, 379, 171, 217, 19, 13, 14, 0, 0, 0, 0, 0, 0, 0, 327, 0, 238, '', 0, 0, 0, 0, 0, 0, 0, 0, 0, 0, 0, 0, 0, 0, 0, 0, 0, 3500, 'kg', 210000, 60, 'Caterpillar', 0
160, 'Vysokozdvižný vozík 5.9t 57kW', 10, 33, 'DP40N', '1', 57.4, 5920, 300, 196, 229, 21.5, 15, 16, 0, 0, 0, 0, 0, 0, 0, 330, 0, 258, '', 0, 0, 0, 0, 0, 0, 0, 0, 0, 0, 0, 0, 0, 0, 0, 0, 0, 4000, 'kg', 240000, 60, 'Caterpillar', 0
161, 'Vysokozdvižný vozík 6.3t 68.5kW', 10, 33, 'GP50CN', '1', 68.5, 6270, 439, 196, 229, 22, 15.4, 15, 0, 0, 0, 0, 0, 0, 0, 330, 0, 276, '', 0, 0, 0, 0, 0, 0, 0, 0, 0, 0, 0, 0, 0, 0, 0, 0, 0, 5000, 'kg', 300000, 60, 'Caterpillar', 0
162, 'Vysokozdvižný vozík 8.7t 64kW', 10, 33, 'DP60', '1', 63.9, 8715, 481, 217, 242, 23, 16, 17, 0, 0, 0, 0, 0, 0, 0, 400, 0, 331, '', 0, 0, 0, 0, 0, 0, 0, 0, 0, 0, 0, 0, 0, 0, 0, 0, 0, 6000, 'kg', 360000, 60, 'Caterpillar', 0
163, 'Vysokozdvižný vozík 13.5t 110kW', 10, 33, 'DP90N', '1', 110, 13510, 546, 239, 285, 26, 18.2, 21, 0, 0, 0, 0, 0, 0, 0, 400, 0, 393, '', 0, 0, 0, 0, 0, 0, 0, 0, 0, 0, 0, 0, 0, 0, 0, 0, 0, 9000, 'kg', 540000, 60, 'Caterpillar', 0
164, 'Vysokozdvižný vozík 19t 110kW', 10, 33, 'DP160N', '1', 110, 18950, 626, 263, 296, 22, 15.4, 13, 0, 0, 0, 0, 0, 0, 0, 400, 0, 480, '', 0, 0, 0, 0, 0, 0, 0, 0, 0, 0, 0, 0, 0, 0, 0, 0, 0, 16000, 'kg', 960000, 60, 'Caterpillar', 0
165, 'Kloubový dempr 24.3t 270kW', 3, 17, 'TA 230', '1', 270, 24300, 1032, 296, 340, 57, 40, 0, 0, 0, 0, 0, 0, 0, 0, 0, 0, 838, '', 0, 0, 0, 0, 0, 0, 0, 0, 0, 0, 0, 0, 0, 0, 0, 0, 0, 19, 'm3', 19, 3600, 'Liebherr', 0
166, 'Autojeřáb 24t 210kW', 12, 51, 'LTM 1030-2.1', '1', 210, 24000, 1015, 255, 355, 80, 0, 31, 0, 0, 0, 0, 0, 0, 0, 4400, 4000, 1108, '', 0, 0, 0, 0, 0, 0, 0, 0, 0, 0, 0, 0, 0, 0, 0, 0, 0, 35, 't', 2100, 60, 'Liebherr', 0
167, 'Autojeřáb 48t 210kW', 12, 51, 'LTM 1070-4.2', '1', 270, 48000, 1239, 255, 390, 80, 0, 31, 0, 0, 0, 0, 0, 0, 0, 6500, 4800, 1179, '', 0, 0, 0, 0, 0, 0, 0, 0, 0, 0, 0, 0, 0, 0, 0, 0, 0, 70, 't', 4200, 60, 'Liebherr', 0
168, 'Autojeřáb 60t 370kW', 12, 51, 'LTM 1100-5.2', '1', 370, 60000, 1334, 275, 395, 80, 0, 30, 0, 0, 0, 0, 0, 0, 0, 8400, 6600, 1190, '', 0, 0, 0, 0, 0, 0, 0, 0, 0, 0, 0, 0, 0, 0, 0, 0, 0, 100, 't', 6000, 60, 'Liebherr', 0
169, 'Autojeřáb 60t 390kW', 12, 51, 'LTM 1200-5.1', '1', 390, 60000, 1537, 300, 395, 80, 0, 30, 0, 0, 0, 0, 0, 0, 0, 9800, 8200, 1332, '', 0, 0, 0, 0, 0, 0, 0, 0, 0, 0, 0, 0, 0, 0, 0, 0, 0, 200, 't', 12000, 60, 'Liebherr', 0
170, 'Autojeřáb 84t 450kW', 12, 51, 'LTM 1400-7.1', '1', 450, 84000, 1853, 300, 400, 80, 0, 24, 0, 0, 0, 0, 0, 0, 0, 13000, 10000, 1568, '', 0, 0, 0, 0, 0, 0, 0, 0, 0, 0, 0, 0, 0, 0, 0, 0, 0, 400, 't', 24000, 60, 'Liebherr', 0
171, 'Autojeřáb 108t 500kW', 12, 51, 'LTM 1750-9.1', '1', 500, 108000, 2200, 300, 400, 80, 0, 23, 0, 0, 0, 0, 0, 0, 0, 14400, 11200, 1568, '', 0, 0, 0, 0, 0, 0, 0, 0, 0, 0, 0, 0, 0, 0, 0, 0, 0, 750, 't', 45000, 60, 'Liebherr', 0
172, 'Autojeřáb 96t 500kW', 12, 51, 'LTM 11200-9.1', '1', 500, 96000, 1994, 300, 400, 75, 0, 23, 0, 0, 0, 0, 0, 0, 0, 19200, 12800, 1640, '', 0, 0, 0, 0, 0, 0, 0, 0, 0, 0, 0, 0, 0, 0, 0, 0, 0, 1200, 't', 72000, 60, 'Liebherr', 0
173, 'Autojeřáb 27.4t 129kW', 12, 51, 'LTF 1035-3.1', '1', 129, 27400, 957, 255, 376, 80, 0, 0, 0, 0, 0, 0, 0, 0, 0, 4800, 4200, 998, '', 0, 0, 0, 0, 0, 0, 0, 0, 0, 0, 0, 0, 0, 0, 0, 0, 0, 35, 't', 2100, 60, 'Liebherr', 0
174, 'Autojeřáb 32t 129kW', 12, 51, 'LTF 1045-4.1', '1', 129, 32000, 1165, 255, 403, 80, 0, 0, 0, 0, 0, 0, 0, 0, 0, 4650, 4340, 1519, '', 0, 0, 0, 0, 0, 0, 0, 0, 0, 0, 0, 0, 0, 0, 0, 0, 0, 45, 't', 2700, 60, 'Liebherr', 0
175, 'Autojeřáb 42t 129kW', 12, 51, 'LTF 1060-4.1', '1', 129, 42000, 1135, 255, 397, 80, 0, 0, 0, 0, 0, 0, 0, 0, 0, 5600, 4800, 1093, '', 0, 0, 0, 0, 0, 0, 0, 0, 0, 0, 0, 0, 0, 0, 0, 0, 0, 60, 't', 3600, 60, 'Liebherr', 0
176, 'Pásový jeřáb 110t 270kW', 12, 52, 'LR 1100', '1', 270, 109800, 1180, 415, 435, 1.35, 0, 0, 0, 0, 0, 0, 0, 0, 0, 10000, 5600, 470, '', 0, 0, 0, 0, 0, 0, 0, 0, 0, 0, 0, 0, 0, 0, 0, 0, 0, 105, 't', 6300, 60, 'Liebherr', 0
177, 'Pásový jeřáb 210t 270kW', 12, 52, 'LR 1200', '1', 270, 210000, 1920, 700, 450, 1.6, 0, 0, 113.75, 0, 0, 0, 0, 0, 0, 14500, 8800, 620, '', 0, 0, 0, 0, 0, 0, 0, 0, 0, 0, 0, 0, 0, 0, 0, 0, 0, 220, 't', 13200, 60, 'Liebherr', 0
178, 'Pásový jeřáb 300t 300kW', 12, 52, 'LR 1400/2', '1', 300, 300000, 1349, 870, 479, 1.8, 1.8, 0, 135, 0, 0, 0, 0, 0, 0, 14500, 8800, 718, '', 0, 0, 0, 0, 0, 0, 0, 0, 0, 0, 0, 0, 0, 0, 0, 0, 0, 400, 't', 24000, 60, 'Liebherr', 0
179, 'Pásový jeřáb 438t 400kW', 12, 52, 'LR 1750', '1', 400, 438000, 1650, 1030, 576, 1.65, 1.65, 0, 135, 0, 0, 0, 0, 0, 0, 19200, 13600, 1150, '', 0, 0, 0, 0, 0, 0, 0, 0, 0, 0, 0, 0, 0, 0, 0, 0, 0, 750, 't', 45000, 60, 'Liebherr', 0
180, 'Pásový jeřáb 900t 1000kW', 12, 52, 'LR 13000', '1', 1000, 900000, 3000, 1640, 1745, 1, 0, 0, 135, 0, 0, 0, 0, 0, 0, 12600, 12000, 1624, '', 0, 0, 0, 0, 0, 0, 0, 0, 0, 0, 0, 0, 0, 0, 0, 0, 0, 3000, 't', 180000, 60, 'Liebherr', 0
181, 'Pásový jeřáb 62.6t 129kW', 12, 52, 'LTR 1060', '1', 129, 62600, 1138, 480, 315, 3, 3, 25, 94.14, 0, 0, 0, 0, 0, 0, 5600, 4800, 405, '', 0, 0, 0, 0, 0, 0, 0, 0, 0, 0, 0, 0, 0, 0, 0, 0, 0, 60, 't', 3600, 60, 'Liebherr', 0
182, 'Pásový jeřáb 180t 230kW', 12, 52, 'LTR 1220', '1', 230, 180500, 1591, 763, 378, 2.5, 2.5, 25, 113.8, 0, 0, 0, 0, 0, 0, 8000, 7600, 508, '', 0, 0, 0, 0, 0, 0, 0, 0, 0, 0, 0, 0, 0, 0, 0, 0, 0, 220, 't', 13200, 60, 'Liebherr', 0
183, 'Pásový jeřáb 380t 270kW', 12, 52, 'LTR 11200', '1', 270, 380000, 2619, 807, 593, 1.8, 1.8, 10, 137, 0, 0, 0, 0, 0, 0, 18400, 12000, 919, '', 0, 0, 0, 0, 0, 0, 0, 0, 0, 0, 0, 0, 0, 0, 0, 0, 0, 1200, 't', 72000, 60, 'Liebherr', 0
184, 'Pásový jeřáb 59.6t 270kW', 12, 52, 'HS 835 HD', '1', 270, 59600, 1125, 430, 326, 1.15, 1.15, 0, 89.25, 0, 0, 0, 0, 0, 0, 4800, 4200, 405, '', 0, 0, 0, 0, 0, 0, 0, 0, 0, 0, 0, 0, 0, 0, 0, 0, 0, 50, 't', 3000, 60, 'Liebherr', 0
185, 'Pásový jeřáb 172t 670kW', 12, 52, 'HS 895 HD', '1', 670, 172200, 1738, 680, 395, 1.4, 1.4, 0, 96.12, 0, 0, 0, 0, 0, 0, 8800, 8000, 636, '', 0, 0, 0, 0, 0, 0, 0, 0, 0, 0, 0, 0, 0, 0, 0, 0, 0, 200, 't', 12000, 60, 'Liebherr', 0
186, 'Věžový jeřáb se spodní otočí 10t 25kW', 12, 54, '26H', '1', 25.1, 9800, 1605, 250, 400, 0, 0, 0, 0, 0, 0, 0, 0, 0, 0, 2800, 2800, 215, '', 0, 0, 0, 0, 0, 0, 0, 0, 0, 0, 0, 0, 0, 0, 0, 0, 0, 2, 't', 120, 60, 'Liebherr', 0
187, 'Věžový jeřáb se spodní otočí 10.5t 29kW', 12, 54, '32H', '1', 28.8, 10500, 1560, 250, 400, 0, 0, 0, 0, 0, 0, 0, 0, 0, 0, 3000, 2900, 215, '', 0, 0, 0, 0, 0, 0, 0, 0, 0, 0, 0, 0, 0, 0, 0, 0, 0, 4, 't', 240, 60, 'Liebherr', 0
188, 'Věžový jeřáb se spodní otočí 12.2t 27.7kW', 12, 54, '32TT', '1', 27.7, 12200, 1670, 255, 370, 0, 0, 0, 0, 0, 0, 0, 0, 0, 0, 3150, 2850, 275, '', 0, 0, 0, 0, 0, 0, 0, 0, 0, 0, 0, 0, 0, 0, 0, 0, 0, 4, 't', 240, 60, 'Liebherr', 0
189, 'Věžový jeřáb se spodní otočí 9t 30kW', 12, 54, '26K.1', '1', 30.3, 9100, 1670, 255, 370, 0, 0, 0, 0, 0, 0, 0, 0, 0, 0, 3700, 2600, 200, '', 0, 0, 0, 0, 0, 0, 0, 0, 0, 0, 0, 0, 0, 0, 0, 0, 0, 2.5, 't', 150, 60, 'Liebherr', 0
190, 'Věžový jeřáb se spodní otočí 17.3t 24.4kW', 12, 54, '65K', '1', 24.4, 17300, 1425, 260, 395, 0, 0, 0, 0, 0, 0, 0, 0, 0, 0, 5400, 4000, 320, '', 0, 0, 0, 0, 0, 0, 0, 0, 0, 0, 0, 0, 0, 0, 0, 0, 0, 4.5, 't', 270, 60, 'Liebherr', 0
191, 'Věžový jeřáb s horní otočí 26.7t 23.5kW', 12, 53, '50 EC-B 5', '1', 23.5, 26700, 0, 380, 380, 0, 0, 0, 0, 0, 0, 0, 0, 0, 0, 4540, 4000, 0, '', 0, 0, 0, 0, 0, 0, 0, 0, 0, 0, 0, 0, 0, 0, 0, 0, 0, 5, 't', 300, 60, 'Liebherr', 0
192, 'Věžový jeřáb s horní otočí 35t 50kW', 12, 53, '130 EC-B 8 FR', '1', 49.9, 35000, 0, 600, 600, 0, 0, 0, 0, 0, 0, 0, 0, 0, 0, 6340, 6000, 0, '', 0, 0, 0, 0, 0, 0, 0, 0, 0, 0, 0, 0, 0, 0, 0, 0, 0, 8, 't', 480, 60, 'Liebherr', 0
193, 'Věžový jeřáb s horní otočí 50t 135kW', 12, 53, '380 EC-B 16', '1', 135.5, 50000, 0, 1000, 1000, 0, 0, 0, 0, 0, 0, 0, 0, 0, 0, 8310, 7500, 0, '', 0, 0, 0, 0, 0, 0, 0, 0, 0, 0, 0, 0, 0, 0, 0, 0, 0, 16, 't', 960, 60, 'Liebherr', 0
194, 'Sklápěče jednostranný Tatra 8x8', 3, 59, 'T158-8P5R4', '3', 340, 17000, 910, 250, 360, 85, 85, 0, 0, 38, 0, 0, 0, 0, 0, 0, 0, 0, '', 0, 0, 0, 0, 0, 0, 0, 0, 0, 0, 0, 0, 0, 0, 0, 0, 0, 18, 'm3', 18, 3600, 'Tatra', 0
195, 'Sklápěče jednostranný Tatra 6x6', 3, 59, 'T158-8P5R33.343', '3', 300, 11000, 750, 250, 360, 85, 85, 0, 0, 36, 0, 0, 0, 0, 0, 0, 0, 0, '', 0, 0, 0, 0, 0, 0, 0, 0, 0, 0, 0, 0, 0, 0, 0, 0, 0, 10, 'm3', 10, 3600, 'Tatra', 0
